model_type,accuracy,precision,recall,f1_score,inference_time_total,inference_time_per_sample_us
MLP,0.9058352849336456,0.9051207471675996,0.9058352849336456,0.9035990692183428,1.015998363494873,99.1411361724115
GRU,0.9552107728337236,0.9557226114588444,0.9552107728337236,0.9552949386408734,0.8754782676696777,85.42918302787643
LSTM,0.955991412958626,0.9565568370664728,0.955991412958626,0.9561249521856692,0.9276902675628662,90.5240307926294
RNN,0.9508196721311476,0.9516217003562172,0.9508196721311476,0.9510228391897644,1.2818703651428225,125.08493024422542
CNN,0.8975409836065574,0.8983906851816327,0.8975409836065574,0.8941600552199227,1.1093273162841797,108.24817684271855
