model_type,accuracy,precision,recall,f1_score,inference_time_total,inference_time_per_sample_us
MLP,0.9099336455893832,0.909577489236009,0.9099336455893832,0.908178485749726,0.9258520603179932,90.34465850097511
GRU,0.9602849336455894,0.9604396449951668,0.9602849336455894,0.9602900477787168,0.7799198627471924,76.10459238360582
LSTM,0.9591139734582358,0.9595819304379294,0.9591139734582358,0.9592164237221712,0.8133227825164795,79.36404981620605
RNN,0.9536494925839188,0.954083585038783,0.9536494925839188,0.9536887985612154,1.1687495708465576,114.04660137066332
CNN,0.9025175644028103,0.90215604657529,0.9025175644028103,0.8995036937127121,0.9452471733093262,92.23723392948148
