model_type,accuracy,precision,recall,f1_score,inference_time_total,inference_time_per_sample_us
MLP,0.907591725214676,0.906730661588222,0.907591725214676,0.9058312725353967,0.9035322666168212,88.16669268314025
GRU,0.958430913348946,0.9588615598616912,0.958430913348946,0.9585072036441336,0.7810373306274414,76.21363491680732
LSTM,0.9597970335675252,0.960258493850512,0.9597970335675252,0.9598939364809076,0.8155825138092041,79.58455443103085
RNN,0.9527712724434036,0.9536807365703855,0.9527712724434036,0.9530115411749026,1.1145250797271729,108.75537468063747
CNN,0.9053473848555815,0.9047123014148856,0.9053473848555815,0.902847124091407,0.9973857402801514,97.32491610852375
