model_type,accuracy,precision,recall,f1_score,inference_time_total,inference_time_per_sample_us
MLP,0.9031030444964872,0.9034471696228392,0.9031030444964872,0.9018831096573616,0.9039385318756104,88.20633605343583
GRU,0.9557962529274004,0.9560014109674992,0.9557962529274004,0.9557956346285365,0.796797513961792,77.75151385263388
LSTM,0.958430913348946,0.9590067387997028,0.958430913348946,0.9585652269321616,0.821631908416748,80.17485445128298
RNN,0.9571623731459796,0.957342374802406,0.9571623731459796,0.9571312696450326,1.1221294403076172,109.49740830480262
CNN,0.906615925058548,0.9064095130170855,0.906615925058548,0.9032779492144887,0.9545059204101562,93.14070261613547
